country,1970,1971,1972,1973,1974,1975,1976,1977,1978,1979,1980,1981,1982,1983,1984,1985,1986,1987,1988,1989,1990,1991,1992,1993,1994,1995,1996,1997,1998,1999,2000,2001,2002,2003,2004,2005,2006,2007,2008,2009,2010,2011,2012,2013,2014,2015,2016,2017,2018,2019
Afghanistan,2.34,2.27,2.06,2.12,2.18,2.21,2.25,2.22,2.17,2.18,2.18,2.27,2.34,2.31,2.42,2.42,2.39,2.52,2.51,2.43,2.33,2.28,2.35,2.1,1.83,1.81,1.62,1.73,2.08,2.03,2.28,2.34,2.48,2.63,2.2,2.02,1.53,1.53,1.38,1.43,1.77,2.12,1.86,1.88,1.66,1.62,1.66,1.41,1.32,1.38
Angola,3.82,3.91,3.85,3.77,3.67,3.43,3.2,3.13,3.13,3.08,2.97,2.9,2.8,2.7,2.77,2.75,2.68,2.62,2.68,2.52,2.44,2.66,4.67,3.31,3.08,2.08,2.03,2.41,2.44,2.35,2.74,3.26,3.04,3.02,3.12,3.39,3.2,3.91,4.95,5.58,4.16,4.39,4.09,4.53,3.97,3.59,2.79,2.64,2.28,2.18
Albania,5.61,5.5,5.41,5.87,5.87,6.2,6.85,6.96,7.11,6.91,7.16,7.33,6.61,6.65,6.66,6.44,6.46,6.4,6.1,6.15,6.63,5.91,5.65,5.36,5.54,5.47,6.13,6.18,6.74,7.31,9.44,8.7,8.95,10.5,11.4,12.1,12.1,11.9,13.5,14.5,11.9,12.5,12.4,11.5,13.1,12.6,14.4,14.5,12.8,13
UAE,224,224,203,199,176,149,143,127,109,101,88.1,79.3,70.6,63.8,65.2,64.2,62.2,63.1,59.8,64,64.8,34.5,33.1,42.6,49.5,53.1,49.2,49.4,44,41.5,42.8,41.7,44.1,46,47.9,42.5,52.9,59.5,57.5,73.7,54.6,52,49.6,49.7,55.5,59.8,65,75.6,66,69
Argentina,14.1,14.3,14.1,14.5,14.5,14.1,14.3,14.7,14.5,14.6,14.2,14,13.2,12.9,12.8,12.4,12.2,12.5,12.5,11.2,11.1,12.1,13.5,13.1,13.4,12.7,12.4,13.5,14.5,14.7,14.4,13.2,10.3,11.6,12,13.4,13.5,14.7,14.7,13,14.6,16.2,15.7,16.7,16.6,17.9,16.9,18.8,16.9,15.8
Armenia,0.01,0.01,0.01,0.01,0.01,0.01,0.01,0.01,0.01,0.01,0.01,0.01,0.01,0.01,0.01,0.01,0.01,0.01,0.01,0.01,0.01,2.61,2.81,1.34,3.62,3.09,3.3,3.31,3.86,3.92,3.86,4.13,5.69,6.18,6.58,6.02,7.52,9.04,10.3,8.95,6.45,6.71,6.27,6.15,6.44,6.5,7.79,7.35,6.01,5.95
Australia,31.6,32.8,33.4,34.2,35.5,36.3,36.2,35.4,34.4,34.2,35.7,35.2,34.8,32.8,33.9,34.2,34.2,33.9,33.6,34.5,34.7,34.2,34.6,35.6,36.8,35.9,39.6,38.5,44.2,41.3,41.8,37.8,44.8,49.5,48.8,45.3,45.3,47.1,43.3,44.7,45.4,47.1,49.1,46,47.8,46.9,46.3,48.3,47.7,46.8
Austria,19.7,20.3,21,21.5,21.7,20.9,21.4,21.4,21.5,21.8,21.8,21,22.1,21.6,22.5,21.6,22.3,22.4,23,23.1,22.2,26.7,27.1,25.2,26,24.5,26.6,25.8,25.7,27.6,26.8,25.6,26.8,25.2,26.1,28.5,27.9,28.1,28.6,27.1,26.5,28.5,27.3,27.3,27.5,26.4,26.9,25.6,25.4,24.6
Azerbaijan,0,0,0,0,0,0,0,0,0,0,0,0,0,0,0,0,0,0,0,0,0,3.98,6.19,5.67,5.62,3.51,3.54,3.81,4.7,4.92,5.66,5.81,6.72,7.24,8.06,7.6,8.78,8.18,11.1,9.51,9.57,10.8,11.6,13.4,12.9,10.9,11.4,12,10.6,10.6
Burundi,3.18,3.19,3.13,3.27,3.29,3.38,3.42,3.41,3.46,3.43,3.33,3.24,3.18,3.16,3.22,3.3,3.3,3.3,3.33,3.27,3.27,2.66,2.78,2.77,2.64,2.59,2.44,2.46,2.6,2.2,2.51,2.63,2.7,2.78,2.81,2.7,2.69,2.65,2.58,2.81,2.72,2.67,2.3,2.74,2.39,2.29,2.2,2.13,1.68,1.71
Belgium,23.1,23.7,23.8,24.5,24.4,23.6,24.2,24.2,24.6,25.4,25.1,24.4,24,23.2,24.1,24.7,25.1,25.5,26.3,27,27.1,27.9,28.2,26,28.7,28.9,30.4,28.9,33.3,32.9,33.9,33,32.9,32.7,36,36.7,33.8,34.9,35.4,29.8,29.8,31.3,30.1,30.1,30,29.3,29.4,34,34.5,33.5
Benin,3.46,3.48,3.54,3.67,3.51,3.48,3.63,3.65,3.78,3.97,4.44,4.32,4.24,4.11,4.27,4.21,4.06,4,4.03,4.03,4.04,3.86,4.1,4.05,3.64,4.07,3.86,4.07,3.7,3.54,3.78,4.15,4.13,4.48,4.03,3.66,4.72,4.58,4.77,4.78,4.67,4.46,4.45,4.51,4.23,3.91,3.72,3.68,3.47,3.4
Burkina Faso,3.07,3.07,2.97,2.97,3.1,3.18,3.16,3.2,3.27,3.32,3.28,3.29,3.29,3.18,3.21,3.41,3.45,3.38,3.54,3.47,3.32,3.1,3.1,3.18,2.86,3,3.4,2.28,3.55,3.78,2.78,2.59,2.84,3.87,3.98,3.83,3.52,3.03,3.4,3.31,3.28,3.66,4.25,4.15,4.01,4.03,4.23,4.15,2.96,2.96
Bangladesh,1.56,1.47,1.43,1.5,1.47,1.54,1.48,1.57,1.56,1.54,1.44,1.41,1.41,1.4,1.38,1.38,1.36,1.33,1.42,1.47,1.45,1.51,1.49,1.5,1.44,1.57,1.64,1.55,1.79,1.73,1.85,1.84,1.94,1.93,1.87,2.01,2,2,2.19,2.26,2.42,2.46,2.88,2.91,2.15,2.54,2.33,2.37,2.84,2.88
Bulgaria,8.64,8.82,9.26,9.18,8.96,9.45,9.72,9.84,10.2,10.6,10.4,10.7,11.2,10.7,11.4,10.7,11.8,12.2,13,14,13.9,9.1,9.82,10.4,9.69,11.6,12.7,12.1,13.6,16.4,14.2,16.6,15.7,16.8,16.4,19.9,21.3,21,21.4,18.9,15,14.7,21.5,17.1,17.6,19.1,19.6,19.3,14.7,15
Bahrain,31,30.9,31.4,31.9,32.3,31,31.2,30.5,30.9,30,29.5,29.3,28.9,29.2,30.8,31.1,29.8,29.6,29.7,29.7,28.9,33.2,34.5,30.2,32.5,35.7,35.9,35.6,38.8,32.5,28.2,23.8,26.8,26.5,27.1,30.6,29,28.6,27.5,22.2,21,21.4,25.1,26.5,26,22,22.9,29,24.6,23.8
Bahamas,63.9,64,68.1,67.7,62.3,41.9,43.5,37.1,44,46.4,45.4,36.6,35.8,35.6,37.1,38,39.9,43.7,45.6,45.1,43.4,47.3,48.3,46.6,43.7,39.6,36.8,41.6,38.6,45.1,49.2,50.3,52.7,54,51.3,53,50.5,54.6,48.7,44.7,41.5,42.7,45,42.3,48.7,49.5,50.8,50.7,38.9,37.8
Bosnia and Herzegovina,0,0,0,0.01,0.01,0.01,0.01,0.01,0.01,0.01,0.01,0.01,0.01,0.01,0.01,0.01,0.01,0.01,0.01,0.01,0.01,4.61,8.29,7.89,5.39,4.74,5.06,5.92,6.59,6.84,7.45,8.04,10.4,12.2,11.6,10.3,10.3,11.4,12.7,11.6,11.4,12,12.8,12,13,14.1,14.9,14.7,14.4,14.4
Belarus,0,0,0,0,0,0,0,0,0,0,0,0,0,0,0,0,0,0,0,0,0,23,11.6,10.5,7.51,7.23,5.52,4.16,6.58,7.71,6.39,7.78,9.05,11.2,10.1,2.22,2.75,6.17,6.15,3.1,8.57,7.97,6.07,7.55,7.98,6.53,5.63,6.18,6.75,5.59
Belize,22.5,22.9,22.8,23.6,24.7,24.8,25.8,26.9,28.5,28.9,28.7,27.3,26.8,26.7,27.4,27.3,26.4,26.8,27.5,27.4,27.3,21.1,23.2,23.6,23.3,20.1,20.3,21.1,22.5,22.2,25,28,30,31,29.2,21.7,20.1,19.4,19.2,18.2,16.8,15.9,16.6,16.3,17.2,18.2,18.5,18.5,12,12.2
Bolivia,7.03,7.09,7.35,7.68,8.03,8.21,8.46,8.39,8.76,8.67,8.58,8.47,8.27,8.18,7.8,8.22,7.52,7.57,7.61,7.59,7.57,7.29,7.43,7.54,7.81,7.97,7.95,8.06,8.46,8.43,8.42,7.94,8.29,8.25,8.37,8.55,8.73,8.75,9.13,9.59,9.1,9.67,10.1,10.3,10.7,11.1,11.3,11.2,11.2,11.3
Brazil,7.84,7.87,8.05,8.2,8.38,8.51,9.35,9.64,10,10.4,11.1,11.2,11.3,10.9,11.2,11.8,11.8,12.4,12.3,11.9,12.2,12.1,11.6,10.9,11.3,11.9,11.6,11.9,12,11.5,11.6,11.3,11.1,11.3,11.6,12.2,13,14.3,16.3,16.1,18.4,20.7,20.3,20.8,20,19,18.6,18.9,18.3,18.9
Brunei,45.6,45.3,45.2,44.5,45.3,46.4,46.8,46.4,44.7,43.7,46,44,47.9,48.9,48,46.4,43.9,43.7,46.1,45.5,45.8,41,52.6,59.7,61.1,61.1,61.5,72,55.3,41,44.8,45.1,45.5,44.8,53.1,56.8,55.7,59.9,63.7,65.7,64.7,69.9,74.6,83,81.1,86.8,83.2,84.3,71.2,85.7
Bhutan,11.7,11.7,11.5,11.5,11.7,11.5,11.7,11.6,11.6,11.6,11.6,11.4,11.1,11,11.4,11.5,11.2,11.2,11.5,11.2,11.1,9.9,10.8,9.2,9.43,8.72,9.86,10.7,11.8,10.7,11.8,12.7,14.2,14.5,15,13.5,13.1,13.4,16,15.4,25.7,24.1,24.8,25.8,29.4,32.3,34.4,34.9,31.3,32.4
Botswana,15.5,16.4,17.3,16.9,18.5,18.5,20.1,19.8,19.6,19.7,19.7,20,20,20.4,21.3,20.7,20.1,19.3,20.4,19.6,19.5,15,13.6,16,16.2,16.7,15.6,16,14.5,12.2,13,13.8,17.4,28.1,19,14.9,16.7,15.3,23,17.3,14.2,14.5,14.8,13.3,13.4,15.3,16.8,16.9,14.6,14.2
Central African Republic,3.02,3.11,3.15,3.28,3.33,3.39,3.5,3.54,3.56,3.67,3.65,3.56,3.49,3.46,3.59,3.6,3.52,3.6,3.7,3.7,3.58,2.66,3.03,2.74,2.25,2.17,2.2,2.08,2.26,2.05,2.68,2.28,2.38,2.34,2.53,1.92,1.97,1.98,2.08,2.12,2.08,2.19,2.4,2.08,2.11,2.07,2.12,2.22,1.49,1.57
Canada,29.5,30.4,31.4,33,34.1,33.6,34,36.6,37.1,36.8,35.3,33.4,29.3,30.7,31.3,33.2,33.9,35.3,35.5,35.6,35.1,32,32.2,32.4,34,34,31.3,36,36.3,36.3,39.1,35.7,35.2,38.2,41.4,34.4,35.3,33.9,32.4,30.5,34.5,36.8,34.8,35,33.8,34.4,35.5,36.5,35.8,35
Switzerland,29.1,29.6,30.3,31.6,30.9,28.8,29.5,29.8,30.1,31.3,31.4,31,30.4,29.8,30.6,31.2,31.6,32.1,32.1,32.9,32.4,36.7,34.8,32.9,34.3,35.8,33.2,36.2,42.4,40,39.9,39.9,39.1,38.9,36.8,40.2,41.5,40.8,40.1,39,39.8,41.5,38.7,38.3,36.2,33.8,35.3,32.8,30.4,31.1
Chile,6.29,5.92,5.83,5.71,6,5.59,5.59,5.64,5.63,5.87,5.95,6.28,5.66,5.67,6.07,6.01,6.16,6.19,6.45,6.66,6.49,6.7,7.47,8.01,7.97,8.49,9.13,8.91,9.21,8.25,10.4,9.87,10.4,10.4,10.5,11.4,12,12.3,13,10.4,12.1,13.2,11.6,11.7,10.7,11.4,12.6,12.7,13.3,13.5
China,2.8,2.9,2.92,3,2.99,3.1,3.19,3.25,3.46,3.53,3.53,3.53,3.71,4.04,4.37,4.56,4.92,5.13,5.45,5.47,5.38,5.59,5.94,6.48,6.45,7.23,7.88,7.85,7.84,8.02,8.16,8.66,9.19,9.8,10.6,11.3,12.1,12.7,13.3,15.8,17.2,18.5,19.8,21.4,21.8,21.3,21.7,21.5,21.3,22
Cote d'Ivoire,5.2,5.36,5.31,5.28,5.17,5.13,5.35,5.73,5.7,5.8,5.62,5.24,4.84,4.12,4.33,3.87,4.08,4.03,3.82,3.62,3.26,3.21,3.28,3.23,2.75,2.85,2.74,3.26,3.25,3.14,3.46,3.51,3.59,3.42,3.43,3,2.97,3.13,2.94,3.17,3.1,3.17,3.03,3.27,3.21,3.57,4.04,3.8,3.34,3.26
Cameroon,2.24,2.27,2.25,2.28,2.31,2.27,2.26,2.24,2.25,2.27,2.25,2.18,2.13,2.09,2.12,2.13,2.11,2.03,2.05,2.04,1.99,1.67,1.85,1.77,1.35,1.28,1.39,1.44,1.48,1.48,1.45,1.62,1.67,1.68,1.66,1.63,1.6,1.66,1.64,1.62,1.49,1.56,1.63,1.73,1.82,1.91,1.79,1.73,2.06,2.13
"Congo, Dem. Rep.",3.48,3.47,3.54,3.59,3.59,3.48,3.36,3.3,3.27,3.1,3.17,3.19,3.17,3.18,3.23,3.26,3.24,3.16,3.09,3.04,2.9,2.85,2.73,2.83,2.6,2.36,2.47,2.37,2.34,2.18,2.31,2.42,2.32,2.19,2.15,2.45,2.41,2.21,2.36,2.35,2.15,2.11,2.67,2.63,2.66,2.82,2.77,2.4,2.68,2.75
"Congo, Rep.",6.25,6.43,6.47,6.61,6.8,6.54,6.76,6.73,6.66,6.95,6.8,6.4,6.25,6.23,6.37,6.39,6.28,6.27,6.44,6.5,6.38,5.56,6.21,6.22,6.05,5.86,6.01,5.48,5.6,4.7,4.21,4.03,3.89,3.79,3.74,3.16,3.2,4.23,4.16,3.89,2.88,3.78,2.83,3.7,3.45,3.61,3.36,3.16,2.21,1.88
Colombia,7.74,8.25,7.75,7.97,8.09,8.23,8.28,8.2,8.5,8.43,8.15,8,7.94,7.72,7.71,7.78,7.94,7.81,8,7.99,7.88,7.64,8.1,8.67,9.09,9.16,8.83,8.5,8.51,7.85,7.87,7.21,7.16,7.3,7.28,7.85,8.16,8.36,8.56,8.24,8.68,9.31,9.67,9.84,10.2,9.69,9.37,9,8.81,9.09
Costa Rica,14.4,14.3,14.3,14.8,15.3,15.1,14.7,14.9,15.3,15.2,14.5,14,13.5,13.1,13.5,13.1,12.9,12.7,12.7,13.4,13.4,11.7,12.5,14.2,13.6,11.2,10.9,10.5,11.4,12.3,10.9,11,10.4,9.98,9.83,10.8,12.4,13.3,14,12.9,15,15.7,15.5,17,16.5,15.7,16.9,17,14,14.4
Cuba,12.8,10.4,9.68,10.5,10.7,11.2,11.6,12.1,12.9,13.3,12.6,13.1,13.4,13.3,14.1,13.3,13.4,13.6,13.9,14.3,14.1,14.3,13.4,12,12,11.3,12.5,12,10.1,10.2,8.68,8.54,8.68,7.98,7.99,6.73,7.32,7.61,8.65,8.04,7.23,8.03,8.35,7.87,7.79,8.93,8.75,8.68,8.8,9.19
Cyprus,23.8,25.8,26.9,28.1,26.2,25.7,26.7,28.3,29.3,32.2,32.8,31.9,31.8,31.1,32.8,33.3,32.1,32.3,33.1,34.5,34.5,34.6,50.6,44.1,49.5,46.8,42,43.8,47.1,60.9,53,49.8,57.7,75.4,61.4,62.7,67.7,69.2,62.9,49.6,46.4,39.1,35.6,31.5,32.1,32.3,37.8,39,33.7,36.6
Czech Republic,,,,,,,,,,,,,,,,,,,,,,,,14.5,16.8,17.8,18.4,18.6,18,17.1,18.4,19,19.7,20,22.2,24.5,23.6,23.9,23.7,21.9,21.9,22.7,21.5,20.5,21.1,21.4,21.4,22.1,21.4,21.3
Germany,21.6,22.1,22.4,22.9,22.5,21.8,22.1,22.4,22.7,23.3,23.2,22.4,22,22,22.6,22.6,22.7,22.6,22.9,23.3,22.6,25.3,25.1,26,27.1,26.4,24.7,24.4,27.3,27.4,25.7,23.2,21.4,22.2,22.2,19.9,20.9,21.4,21.6,19.9,20.6,21.6,20.4,20.4,20.7,20.1,20.5,21.3,20.2,19.4
Djibouti,24.7,24,23,22.6,21.9,20.4,19.2,17.9,16.8,16,15.4,14.8,14.4,14.8,15,14.8,13.8,13.2,12.8,12.3,12,9.61,10.6,8.4,14.3,12.3,12.8,12.1,17.6,14.4,14.2,14.2,12.3,12.3,11.1,9.39,9.57,9.5,10.2,13.6,13.7,14,17.2,20.2,20.1,19.8,13.5,14.3,15.3,15.9
Denmark,19.5,19.8,19.9,20.9,19.3,19.3,19.8,20.1,19.8,20.2,19,17.9,18.3,18.1,19,19.3,19.9,20.1,20.3,20.6,20.3,20,19.2,19.5,20.6,22.5,23.4,23.1,31.9,33,31.7,30.7,32.8,30.3,33.7,33.6,33.2,32.5,32,26.4,24.9,27.2,27.3,26.6,25.9,24.7,24.4,24.9,26,25.9
Dominican Republic,5.95,6.34,6.69,6.8,6.93,6.66,7.14,7.27,6.86,6.9,6.58,6.4,6.38,6.64,6.64,6.19,5.98,6.2,6.41,6.44,5.76,5.7,6.05,5.93,5.95,6.68,6.98,7.14,6.89,6.78,7.14,7.37,8.83,7.83,7.4,7.71,7.66,7.53,7.69,6.56,6.8,6.76,8.92,8.69,8.92,9.13,9.74,8.78,9.45,9.54
Algeria,4.72,4.8,4.86,4.77,5.09,5.11,5.31,5.18,5.43,5.54,5.55,5.46,5.99,5.95,6.19,6.17,7.02,6.68,6.34,6.42,5.88,5.79,5.75,5.33,5.31,4.77,4.51,4.01,4.36,4.07,4.2,4.61,5.78,6.71,6.49,6.62,7.28,8.16,10.1,10.4,9.41,9.56,9.41,9.38,9.52,9.57,9.35,9.13,11.5,11.2
Ecuador,5.4,5.28,5.08,5.29,5.43,5.62,5.62,6.01,5.99,6.53,6.89,6.22,5.94,5.57,6.28,6.43,7.12,6.4,6.96,6.76,6.83,6.59,6.28,6.41,6.99,7.04,7.09,7.2,7.45,5.79,5.93,6.77,7.37,7.28,7.63,7.82,7.97,8.26,9.1,9.55,9.39,9.51,7.84,10.1,10.3,9,7.65,8.06,7.86,7.74
Egypt,3.24,3.14,3.18,3.22,3.16,3.25,3.33,3.3,3.33,3.49,3.42,3.65,3.89,4.14,4.45,4.64,4.56,4.3,4.26,4.36,4.4,4.72,4.79,4.68,5.06,5.21,5.49,5.27,4.49,4.42,4.07,4.25,6.62,6.5,5.71,4.93,5.07,5.18,5.53,5.57,6.01,5.53,6.86,6.47,6.67,6.84,7.16,7.14,7.94,8.22
Eritrea,1.09,1.1,1.08,1.09,1.11,1.09,1.18,1.16,1.13,1.11,1.11,1.1,1.07,1.06,1.09,1.09,1.05,1.05,1.05,0.95,0.95,0.65,0.71,3.61,4.92,5.56,6.02,6.26,6.58,6.73,6.17,6.04,5.93,6.36,6.48,5.86,5.45,5.17,4.63,4.8,5.03,4.35,4.27,4.5,4.1,4.01,4.3,4.12,3.28,3.47
Spain,12.6,12.4,13.5,13.7,13.7,13.7,14.6,14.2,14.7,14.4,14.6,14.5,14.7,14.3,14.6,15,15.1,15.4,16.4,17.6,17.9,18.4,18.6,16.5,17.3,17.7,16.8,15.9,18.1,18.8,18.5,20,21.4,23.5,23.4,25.2,26.6,26,23.6,19.5,17.5,16.6,13.7,15.8,16,15.8,15.4,14.1,14,13.5
Estonia,0.83,0.85,0.86,0.88,0.91,0.91,1.01,1.01,1.01,1.01,1.03,1.05,1.04,1.05,1.11,1.13,1.12,1.14,1.17,1.07,1.09,22.1,71.2,67.5,59.5,50.9,41.2,33.9,32.4,34.1,22.8,25,23.7,35.1,27,34,41.8,41.4,37.6,33.2,31.7,31.4,34,36.9,37.6,39.2,44.3,44.5,37,37.5
Ethiopia,,,,,,,,,,,,,,,,,,,,,,,,2.38,0.4,0.34,0.35,0.27,0.21,0.3,0.44,0.4,0.4,0.43,0.37,0.32,0.38,0.35,0.54,0.59,0.58,0.39,0.43,0.42,0.45,0.56,0.6,0.61,0.5,0.47
Finland,22,22.5,22.4,23.2,23.5,22.1,22.1,22,23.1,24,23.6,21.9,22.9,23.3,23.5,23.5,24.8,23.8,25.4,26.6,26.5,26.6,26.8,24.8,27.1,27.4,27.6,26.6,32.8,37.6,36.8,37.2,39.7,40.5,41.5,42.1,45,46.4,48.2,40.1,38.8,39.7,38.6,38.2,39.2,36.9,38.4,37.4,37.8,36.7
France,16.4,16.6,16.8,17.7,17.8,16.8,17.2,17.1,17,17.5,17.5,17,16.5,15.9,16.1,16.3,16.3,16.6,17.3,17.7,17.7,18.7,18.1,17.1,17.6,17.8,17.3,17.2,18.1,18.4,17.6,17.7,17.1,17.2,17.6,20,20.2,21.4,21.6,19.6,19.6,20.3,20.9,20.9,20.8,20.1,19.8,19.7,17.6,17.1
Gabon,13.3,13.5,13.6,14,14.1,13.6,13.8,14,14,14.2,14.1,13.5,13.2,13.2,13.7,13.6,13.4,13.4,13.7,13.5,13.4,11,12.4,11.7,9.67,9.26,9.58,9.52,11.2,9.99,12.3,9.74,9.72,10.4,8.8,7.53,8.11,7.79,7.83,7.91,15.5,16,15.4,15.4,15.1,14.4,14,13.3,9.67,9.15
UK,17.2,17.7,17.6,18.8,17.9,17.6,17.4,17.3,17.6,18.2,18,17.5,18,18.1,17.9,18.7,19.4,19.9,20.6,21.3,20.8,20.5,20.4,20.4,20.8,20.4,20.2,21.4,22.3,21.9,22.3,22.5,21.7,20.8,21.6,23.1,23.9,22.3,19.6,17.3,17,17.5,17.9,17.9,19.1,19,18.3,18.2,18,17.9
Georgia,0,0,0,0,0,0.01,0.01,0.01,0.01,0.01,0.01,0.01,0.01,0.01,0.01,0.01,0.01,0.01,0.01,0.01,0.01,5.23,9.24,7.53,7.34,4.16,4.51,5.41,5.5,5.46,5.55,6.02,6.81,7.41,7.95,7.89,8.56,9.9,12.4,9.43,9.22,11.1,12.5,11.3,11.6,11.6,12.3,12,12.2,10.3
Ghana,2.84,2.87,2.75,2.83,2.91,2.94,2.76,2.59,2.48,2.35,2.23,2.23,2.18,2.1,2.23,2.22,2.23,2.21,2.28,2.33,2.19,2.5,2.55,2.56,2.27,2.58,3.39,3.18,2.69,2.56,2.21,2.09,2.46,2.49,2.48,2.67,2.61,2.56,2.79,2.46,2.76,3.61,3.95,3.75,3.21,3.33,3.23,3.35,3.84,3.92
Guinea,3.82,3.83,3.79,3.85,3.91,3.91,3.99,3.96,3.97,4.01,3.95,3.86,3.78,3.76,3.82,3.71,3.49,3.53,3.6,3.61,3.56,3.38,3.45,3.39,3.46,3.87,3.81,3.71,3.51,4.03,3.94,3.94,4.39,4.6,4.51,4.13,3.99,3.89,3.79,3.92,3.77,3.91,4.12,4.22,4.15,4.3,5.35,4.64,4.37,4.77
Gambia,11.4,11.6,13.5,14.7,14.8,14.5,14.7,14.5,14.9,14.3,13.9,13.9,13.8,13.6,13.5,13.3,12.8,13,12.9,12.5,11.6,8.99,9.7,9.24,8.58,7.88,7.37,6.67,7.11,6.66,8.22,6.41,5.82,6.8,6.68,5.32,5.32,4.42,4.56,4.66,4.48,4.12,4.53,4.21,4.35,4.36,4.7,4.85,3.59,3.77
Equatorial Guinea,9.31,8.92,9.31,10.5,11.5,12.5,13.5,14.5,15.1,16.7,15.8,13.8,13.1,12.6,12.5,12.3,11.8,12.4,12.7,12.5,11.8,13.3,14.6,12.7,8.1,12.3,14.3,15.3,15.3,10.5,9.94,14,21.9,25.3,25.4,31.5,30.4,30.6,32.3,34,30.8,30.1,31.6,29.8,28.7,26,23.2,21,13.8,15.9
Greece,11.2,11.4,12,12.8,12.3,12.8,13.1,13.6,13.3,14,13.7,14.3,13.8,14,14.5,15,14.8,15.5,16.9,17.2,17,17.3,16.3,17.3,17.4,19.1,20.6,19.4,21.9,22.7,21.7,25.1,26.9,27.1,28.7,22.2,23,25.5,29.7,25.7,19,18,20.2,19.4,18.8,17.8,16.8,15.9,14.9,15.2
Guatemala,2.51,2.49,2.52,2.58,2.55,2.56,2.6,2.65,2.7,2.71,2.64,2.59,2.54,2.43,2.47,2.49,2.49,2.69,2.76,2.8,2.81,2.74,2.97,2.86,3.26,3.25,3.21,3.25,3.26,2.96,3.16,3.48,4.03,4.36,4.5,4.45,4.3,4.55,4.65,4.13,4.4,4.35,4.68,5.4,5.78,5.06,5.1,4.91,7.07,7.24
Honduras,4.12,4.1,4.05,4.06,4.1,4.13,4.04,4.09,4.13,4.06,4.18,3.96,3.87,3.98,4.11,3.94,3.76,3.72,3.75,3.71,3.7,3.26,3.34,3.3,3.33,3.06,3.25,3.35,3.29,3.31,3.42,3.62,3.83,4.46,4.4,4.29,4.34,4.62,4.45,4.1,4.01,4.01,4.09,4.1,4.17,4.13,4.02,4.39,6.18,6.06
Croatia,0.23,0.24,0.24,0.25,0.26,0.26,0.29,0.29,0.29,0.29,0.3,0.3,0.3,0.31,0.32,0.33,0.33,0.33,0.34,0.32,0.32,5.76,8.31,9.02,8.54,10.3,10.3,13.4,14.8,14.4,12.4,14.5,16,19.9,19.4,21.6,23.3,23.7,24,20.9,18.6,20.9,16.7,16.3,15.3,15.7,17,16.5,16.8,17.1
Haiti,3.65,3.74,3.74,3.75,3.77,3.71,3.75,3.69,3.73,3.73,3.77,3.76,3.74,3.68,3.63,3.53,3.32,4.07,4.1,4.59,4.46,4.18,3.79,2.85,2.6,2.47,2.46,2.54,2.64,2.92,2.96,2.95,3.09,3.08,3.04,2.85,2.76,2.71,2.64,2.61,2.59,2.6,2.52,2.45,2.69,2.51,2.49,2.59,2.45,2.4
Hungary,11.1,11.8,11.6,12.4,12.6,12.9,13,13.6,14.1,13.8,13.8,13.7,14.8,14,14.3,13.8,13.8,14,13.9,13.8,13,14.2,12.2,13.1,14.2,12.7,12.8,14.1,14.7,15,14.5,14.8,15.2,15.2,17.9,21.4,18.3,16,16.9,14.9,13,12.9,11.9,13.2,14.9,13.6,13.9,13.8,14.8,15.3
Indonesia,2.58,2.6,2.59,2.7,2.7,2.59,2.64,2.64,2.71,2.7,2.73,2.8,2.72,2.83,2.86,2.85,3.03,3.01,3.06,3.1,3.15,3.32,3.47,3.62,4.04,4.38,4.32,4.03,3.1,3.45,3.52,3.66,3.8,3.96,4.01,4.51,4.62,4.93,5.06,4.77,5.21,5.61,6.58,6.5,6.53,6.65,6.34,6.48,6.66,6.77
India,2.89,2.82,2.73,2.79,2.72,2.81,2.78,2.84,2.89,2.75,2.71,2.82,2.84,2.94,2.91,2.9,2.9,2.9,3.04,3.12,3.14,3.12,3.16,3,3.02,3.07,3.2,3.33,3.37,3.54,3.57,3.44,3.35,3.48,3.45,3.37,3.55,3.98,4.05,4.18,4.52,4.86,4.71,4.7,4.6,4.76,4.78,4.84,5.11,5.23
Ireland,19.9,21.3,20.7,21.4,21.5,21.2,20.2,20.4,21.7,22.1,21.1,20.2,19.6,19.2,19.8,19.4,19.4,19.8,20.1,21,21.8,35.4,35.9,33.4,35.1,36.8,41.1,40.8,31.1,50.5,49.5,53.6,55.3,52.9,53,56.2,64.5,57.2,47.3,38,25.8,24.3,25.3,25.4,26.4,27.9,32.2,31.3,37.3,49.3
Iran,6.58,7.03,7.35,7.86,8.22,8.42,9.61,9.58,9.88,7.92,6.7,6.38,7.01,7.23,7.26,7.23,6.36,6.39,6.29,6.34,7.25,7.59,7.67,7.23,6.97,7.79,7.88,7.77,7.98,7.61,7.86,8.48,8.38,9.34,10.3,9.29,10.9,12.3,11.4,12.6,12.4,12.9,14.1,12.1,11.9,11.1,10.9,11,12.5,13.2
Iraq,4.62,4.8,4.28,5.12,4.93,5.24,5.41,5.17,5.46,6.5,5.3,3.12,3.12,3.23,3.42,3.63,3.88,4.3,4.87,5.02,4.15,4.75,7.22,5.31,5.22,4.88,5.24,7.03,9.4,10.4,12,12,7.17,5.7,8.98,7.26,5.8,5.92,5.88,8.88,7.18,6.27,6.11,7.1,6.31,5.67,7.18,7.11,10.5,11.9
Iceland,53.6,53.6,55.6,58.5,44.4,46,45.7,47,47.1,49.6,48.9,48.2,47,46.6,49.6,67.8,66.8,71.3,70,71.8,68.9,60,72.9,74.5,66.2,64.7,61.9,62.4,70.3,66.7,56.3,52.5,46.5,49,56.4,77.4,87.9,83.8,72.5,55.4,55.1,59.9,71.2,72.9,73.1,74.9,83.5,88.7,67.8,59.6
Israel,18.3,19.1,24.4,24.1,25.1,24.8,22.6,16.7,30.9,39.5,25.4,25.7,17,15.8,16.5,16.7,16.8,17.3,17,17.3,28.1,31.7,31,31.9,23.2,23.5,28,27.9,29.3,29.6,33,28.5,30.4,25.7,24.1,23.4,24.1,23.5,22.8,20.4,22.6,25.1,25.1,25.6,26,28.6,26.5,28.6,29.8,30.8
Italy,16,16.4,16.1,17.6,16.4,16.3,16.6,16.7,16.6,16.9,16.9,16.4,16.2,15.9,16.1,17.4,17.4,18,18.4,19.1,19.3,20.7,20.6,18.2,19.1,19.6,19.4,19.6,21.8,22.9,22.1,22.1,23,22.8,22.6,23.5,24.4,23.4,19.5,16.7,16.9,16.5,14.3,13.7,13.4,13.2,13.5,13.6,12.3,11.8
Jamaica,8.15,8.24,8.02,8.05,8.71,9.08,8.24,7.77,7.7,7.32,8.99,8.81,8.75,8.61,8.76,8.69,8.74,9.24,9.75,9.95,9.87,8.58,8.36,8.22,9.03,9.24,9.69,9.66,9.45,9.31,10.3,10.5,11.6,11.9,11.2,11,11.1,10.9,11.6,8.9,8.64,9.49,10.5,9.73,9.21,9.28,9.3,9.65,9.56,9.95
Jordan,10.4,11.1,10.9,11,10.8,11.3,12.6,13,14.5,14.7,13.2,15.1,15.6,14.3,14.7,14.2,13.4,14.7,11.6,10.8,9.96,8.65,11.9,11.8,11.7,10.4,10.2,11.8,8.19,8.35,8.9,9.17,13,13,13.9,11.3,11.4,11.7,12.6,12.3,10.6,10.6,9.67,9.12,8.17,8.23,7.38,8.49,7.56,7.03
Japan,16.3,17,17.8,19.5,18.8,17.6,18.2,18.8,19.5,19.9,19.5,19.4,18.5,18.2,19.1,19.1,19.9,20.3,20.9,21.5,22.3,23.6,22.8,23,24.3,24.7,23.3,22.9,21.5,21.8,22.3,23.3,22.1,22.1,22.3,22.9,23.2,21.5,21.7,18.2,19.7,21.8,22.6,22.8,22.4,20.3,19.3,19.5,18.9,18.2
Kazakhstan,0,0,0,0,0,0,0,0,0,0,0,0,0,0,0,0,0,0,0,0,0,22.6,19.1,14.3,14.9,13.9,14.9,13.9,13.2,9.79,10.6,12.8,12.4,17.1,21.2,29.2,33.7,37.7,30.5,33.5,29.4,28.8,32.1,38.6,39.4,44.3,37.9,34.2,32.7,34.4
Kenya,4.55,4.51,4.34,4.46,4.38,4.26,4.11,4.12,4.11,4.15,4.08,3.93,3.95,3.97,3.79,3.78,3.82,3.68,3.73,3.73,3.71,3.49,3.47,2.88,2.91,3.06,2.76,2.64,3.39,3.24,3.43,3.55,3.02,3.03,3.09,3.23,3.28,4.03,4.37,4.21,4.27,4.23,4.48,4.6,4.72,5.08,4.94,4.95,4.62,4.62
Kyrgyz Republic,0.01,0.01,0.01,0.01,0.01,0.01,0.01,0.01,0.01,0.01,0.01,0.01,0.01,0.01,0.01,0.01,0.01,0.01,0.01,0.01,0.01,2.97,7.06,6.72,4.76,4.5,4.35,4.48,5.62,5.2,5.24,5.25,6.7,8.67,9.19,6.37,6.24,7.12,8.11,7.14,6.75,7.48,8.41,8.47,9.39,8.93,8.62,9.19,8.98,7.82
Cambodia,4.33,3.94,3.63,3.43,3.23,3.06,2.81,2.77,2.74,2.65,2.97,3.02,3.23,3.29,3.18,3.29,3.36,3.35,3.48,3.48,3.42,3.16,3.22,3.22,3.14,3.16,3.33,3.3,3.18,3.23,3.27,3.09,3.17,3.37,3.76,3.33,3.55,3.36,3.85,4.54,6.44,5.04,5.03,5.01,4.73,4.92,5.37,5.42,5.23,5.7
South Korea,7.01,7.17,7.06,7.69,7.6,7.72,8.15,8.7,8.99,9.05,8.24,8.34,8.68,9.17,9.53,9.63,10.1,10.5,11.1,11.6,12.6,15.1,16.2,15.4,17.9,20.2,20.1,20.4,14.1,18.1,20.1,19.9,19.2,20.8,22,22.6,23.8,25.3,23.4,19.6,21.3,22.7,21.8,21.2,21.5,21.5,21.6,22.7,21.6,22
Kuwait,199,198,190,167,137,110,114,98,105,111,80.6,59.5,51.6,50.1,53,47.6,52.3,45.8,48.3,49.1,41,43.2,45.8,77,79.3,98.3,107,99.3,88.1,64.3,70.8,61.2,63.1,76.3,95.5,82.7,83.8,83,76.5,64.5,54,53.4,54.4,52.6,51.6,55.5,57,53.8,61.3,65.3
Lao,4.88,4.62,4.49,4.27,4.24,4.07,3.96,4.05,4.18,4.35,4.62,4.57,4.51,4.48,4.66,4.71,4.66,4.62,4.6,4.68,4.68,4.22,4.46,4.41,4.66,4.52,4.61,4.62,4.25,3.95,4.54,4.44,4.62,4.51,4.69,4.69,4.76,5.1,5.63,5.61,6.64,5.36,6.68,6.82,7.46,8.52,8.76,8.72,9.61,9.64
Lebanon,8.57,8.77,9.38,9.65,9.82,9.5,9.86,9.29,9.53,11.7,10.6,12.8,11.2,10.7,10.5,10.4,10.2,10.6,10.7,10.9,10.8,12.2,13.8,19,21.8,20.1,23.2,20.7,13.4,7.83,6.39,11.4,14.8,15.2,17.9,14.6,15.8,14.7,17.4,19.7,20.2,20.6,19.7,18.9,16.9,15.4,14.8,14.4,13.1,12.4
Liberia,2.45,2.56,2.52,2.57,2.49,2.45,2.5,2.71,2.65,2.72,2.68,2.46,2.42,2.27,2.32,2.38,2.52,2.66,2.92,3.04,2.98,3.28,2.98,2.44,2.41,2.02,2.09,2.45,2.59,3.32,3.43,2.72,2.62,2.79,7.59,5.23,4.54,3.1,3.54,3.6,3.45,3.42,3.4,3.23,3.39,3.62,3.64,3.54,2.77,2.71
Libya,13.9,13.3,12.6,12.3,11.8,11.5,12,11.1,11.2,11.2,10.8,9.71,9.75,9.25,9.2,9.41,9.22,8.9,9.04,9,9.06,11.9,9.85,12.4,11,8.28,8.31,6.98,7.29,6.04,5.63,4.47,5.01,5.21,5.24,5.41,5.03,5.52,8,10.3,8.18,8.5,15.3,16.3,14.4,8.61,8.6,11.2,15.6,16.1
Sri Lanka,1.45,1.42,1.54,1.51,1.48,1.47,1.51,1.43,1.59,1.65,1.68,1.64,1.7,1.61,1.67,1.78,1.85,1.8,1.69,1.69,1.73,2.05,2.45,2.49,2.85,2.79,2.82,2.92,2.81,2.72,2.99,3.01,3.2,3.41,3.24,3.43,3.87,4.33,4.63,3.85,4.32,6,5.68,3.52,5.73,6.2,4.55,7.29,4.33,4.36
Lithuania,0.44,0.45,0.45,0.46,0.48,0.48,0.53,0.53,0.52,0.52,0.54,0.55,0.54,0.55,0.58,0.59,0.58,0.59,0.6,0.55,0.56,9.1,19.7,39.9,24.3,22.3,21,22.4,27.6,27.7,25.7,25.9,32.5,31.8,31.8,28.6,29.1,36.9,45.9,31.2,33.6,37.1,38.5,39.2,41.5,36.9,38,39.9,38.4,40.1
Luxembourg,29.3,29.9,29.6,31,31.5,30.9,31.8,32.3,32.7,33.7,33.7,33,32.7,32.6,34,34.6,34.4,35.1,36.4,37.2,36.9,38.4,40.5,37.7,38.9,36.1,33.8,36.6,42.3,56,48.6,46.7,47.6,56,67.3,77.8,68.5,68.7,51.9,42.4,47,50.7,56.5,62.2,57.3,51.5,46.5,46.7,42.2,45.5
Latvia,0.47,0.48,0.48,0.5,0.52,0.52,0.57,0.58,0.58,0.58,0.6,0.61,0.6,0.61,0.65,0.66,0.65,0.66,0.68,0.62,0.63,16.6,34.9,23.1,18.9,16.5,16,16.2,21.2,20.2,19.8,18.3,20.5,20.9,22.8,27.4,29.1,35.5,32.1,24.7,24.7,27,31.4,29.7,33,29.7,31.2,31.5,31.5,31
Morocco,3.61,3.76,3.65,3.65,3.72,3.74,3.97,4.04,4.09,4.05,3.88,3.77,3.54,3.49,3.46,3.49,3.58,3.62,3.71,3.73,3.75,3.96,4.09,3.73,4.06,4.07,4.44,4.23,4.79,4.43,4.11,4.46,4.38,4.87,4.65,6.3,6.69,6.67,7.11,7.7,7.67,7.85,7.85,7.93,7.53,6.86,6.66,6.89,6.95,6.95
Moldova,0.02,0.02,0.02,0.02,0.02,0.02,0.02,0.02,0.02,0.02,0.03,0.03,0.03,0.03,0.03,0.03,0.03,0.03,0.03,0.03,0.03,28.2,17.7,17,15.6,15.5,13.8,18,8.72,5.07,6.09,7.05,15.7,18.8,17.5,5.31,5.11,5.27,6.39,5.55,5.07,5.44,4.4,4.27,4.35,3.8,3.8,4.05,3.55,3.41
Madagascar,4.02,3.79,3.67,3.64,3.66,3.65,3.67,3.57,3.89,3.74,3.68,3.63,3.5,3.46,3.44,3.35,3.31,3.24,3.19,3.15,3.11,2.84,2.84,2.92,2.67,2.52,2.49,2.47,2.36,2.18,2.09,1.9,1.93,2.11,1.95,2.07,2.07,2.23,2.36,2.21,2.13,2.06,2.08,2.12,2.12,2.04,1.99,1.97,1.53,1.51
Mexico,7.99,7.92,7.82,7.91,7.78,7.95,7.85,7.78,8.1,8.22,8.36,8.8,8.71,7.9,8.18,8.33,8.11,8,7.64,8.12,8.37,8.69,9.95,9.48,10.3,8.05,8.59,9.09,10.3,10.2,10.8,10.8,10.6,10.3,10.8,10.9,11.3,11.5,11.6,10.2,10.7,11.1,10.5,10.3,10.1,9.81,9.74,10.1,10.9,10.8
North Macedonia,0.01,0.02,0.02,0.02,0.02,0.02,0.02,0.02,0.02,0.02,0.02,0.02,0.02,0.02,0.02,0.02,0.02,0.02,0.02,0.02,0.02,3.22,10.6,12.1,13.9,15,14.4,13.1,17.7,17.3,17.9,17.3,20.1,20.7,22.3,20.7,15.2,16.5,17.4,15.1,13.5,15.8,15.4,15.2,15.1,14.7,16.9,14.3,13,12.3
Mali,2.41,2.46,2.27,2.23,2.19,2.28,2.36,2.42,2.45,2.51,2.59,2.62,2.6,2.43,2.42,2.53,2.52,2.55,2.67,2.61,2.66,2.31,2.3,2.32,1.98,2.62,2.68,2.32,2.85,2.62,2.48,2.39,2.1,3.64,3.49,3.06,3.37,3.51,3.31,3.65,3.59,3.32,3.57,2.95,3.43,2.9,3.76,3.86,4.59,4.57
Malta,34.9,36.2,34.8,37.9,38.5,40.3,42.7,43.1,42.5,44.3,46,45.1,45.3,45.4,49.8,52,50.6,52.1,53.6,55.5,55.7,47.6,50.6,48.8,52,48.9,47.4,50.3,53.9,50.4,50.9,56.4,58.9,53.5,46.1,47,42.2,40.9,38.5,42.1,50.2,53.8,47.4,45.4,42.6,46.5,48,47,38.8,40.7
Myanmar,2.2,2.21,2.22,2.26,2.2,2.21,2.21,2.27,2.33,2.35,2.29,2.34,2.39,2.43,2.42,2.46,2.43,2.38,2.35,2.16,2.38,2.37,1.99,1.71,1.89,2.07,2.06,1.87,1.5,1.4,1.26,1.26,1.44,1.6,1.59,1.53,1.5,1.7,1.94,2.07,2.09,2.54,2.43,2.53,3.15,2.45,2.35,2.24,2.11,2.06
Mongolia,18.4,18.6,18.1,17.9,17.5,17.8,17.5,17,16.4,16.6,16.3,15.8,15.9,15.5,14.7,15.1,14.9,14.9,14.8,14.7,14.6,24.4,22.1,17.2,15.2,18.1,18.9,16,17,16.2,13.3,14.5,13.4,10.9,14.3,10.3,7.76,9.6,11.1,11.7,10.1,11.5,13,13.8,14.5,14.6,12.7,12.3,11.2,10.6
Mozambique,3.53,3.68,3.79,3.79,3.53,3.22,3.12,3.16,3.08,2.96,2.95,3.02,2.89,2.71,2.78,2.91,2.87,2.56,2.7,2.71,2.81,2.39,2.06,2.16,2.06,2.03,2.16,2.25,2.27,2.37,2.32,2.27,2.49,2.71,2.88,2.27,2.32,2.21,2.48,2.73,2.79,3.23,3.24,3,3.63,3.51,3.28,3.28,2.18,2.19
Mauritania,9.29,9.21,8.33,8.41,8.22,8.07,8.13,7.92,8.25,7.96,7.83,8.15,7.79,7.27,7.2,7.74,7.38,7.47,7.66,7.7,7.42,6.99,7.36,7.53,6.89,5.86,6.27,5.57,5.23,5.96,5.82,5.93,6,5.88,5.9,5.77,5.05,4.73,4.63,4.47,4.61,4.13,4.71,4.61,4.3,4.58,4.2,3.89,6.97,7.75
Malawi,2.45,2.69,2.84,2.6,2.72,2.9,2.98,2.85,2.75,2.55,2.55,2.58,2.42,2.37,2.36,2.44,2.37,2.2,2.37,2.28,2.04,2.21,1.87,2.3,1.56,1.65,1.92,1.74,1.79,1.82,2.14,1.94,2.21,2.15,2.14,1.8,1.77,1.66,1.84,1.8,1.86,1.91,1.99,1.91,1.62,1.54,1.63,1.66,1.6,1.71
Malaysia,5.79,5.89,6.1,6.43,6.58,6.71,7.03,7.09,7.38,7.56,8.12,8.32,8.7,8.55,9.05,8.82,8.9,8.91,9.05,9.45,9.63,11,11.7,13.2,13.7,14.7,15.5,15.5,10.9,11.3,14.4,13.6,13.1,13.4,13.5,12.7,13.7,14.5,14.3,14.4,15.7,18.2,19.9,19,18.3,18.9,18.6,19.9,19.4,19.6
Namibia,15.1,15.1,14.9,14.7,15.4,13.3,13.3,14.1,14.1,14.4,14.6,13.4,12.7,12.4,12.9,12.7,12.6,12.2,12.3,12.2,11.9,11.6,11.5,11.5,10.5,10.5,11.1,11.4,11.2,12.2,11.8,12.5,13.5,15.6,15.8,14.7,14.8,13.9,14.1,15.8,15.2,15.3,16.7,15.7,14.4,15.3,13.4,14.8,12.2,11.9
Niger,6.06,6.17,6.05,5,5.13,5.18,5.43,5.75,5.84,5.95,6.07,6.06,6.02,5.99,4.89,4.71,4.73,4.57,4.89,4.72,4.57,4.62,4.69,4.52,4.09,4.04,3.11,3.73,3.95,3.74,3.33,3.93,3.78,4.2,4.32,4.23,4.52,4.79,4.84,4.69,5.22,4.65,4.62,4.32,4.57,4.49,4.6,4.56,4.14,4.19
Nigeria,1.37,1.36,1.33,1.33,1.35,1.4,1.38,1.63,1.61,1.61,1.6,1.62,1.69,1.64,1.31,1.29,1.31,1.39,1.39,1.38,1.41,1.5,1.51,1.66,1.75,1.55,1.7,1.64,1.59,2.99,3.26,2.62,2.66,2.76,2.78,3,3.02,3.18,3.54,3.01,3.18,3.02,3,3.43,3.79,3.8,3.8,3.23,3.53,3.6
Nicaragua,5.44,5.27,5.19,5.36,5.56,5.36,5.37,5.37,5.26,4.93,4.84,4.84,4.64,4.49,4.53,4.47,4.36,4.3,4.36,4.63,4.56,4.42,4.96,4.38,4.56,4.97,4.98,5.15,4.57,4.54,4.56,4.74,5.87,5.99,5.92,5.64,5.8,5.73,6.36,5.43,5.14,6.06,6.4,6.59,5.92,6.01,6.06,5.96,5.65,5.4
Netherlands,23.8,24.4,24.7,25.4,25.4,24.5,25.1,25.3,25.4,26.3,25.6,24.7,23.5,22.8,23.9,24.1,24.4,24.6,25.2,26,26.1,26.3,27.2,26.3,30.1,31.1,30.7,31,33.4,35.2,34.6,35.6,33.8,34.5,35.9,40.4,41.5,44.1,40.4,35.4,34,32.8,29.6,29.8,30.6,31.3,30.7,31.7,33,32.3
Norway,22.8,23.9,23.2,24.4,24,23.7,25.4,24.8,26.3,27.1,26.9,26.9,27.3,25.9,27.6,28.4,29,28.9,28.9,30.3,29.6,28.3,28,29.6,30.1,32.2,32.3,34.2,41.2,43.3,41.1,43.1,43,43.5,44.9,36,38.3,41.5,44.1,40.1,40.4,44.4,44.4,44.3,41.5,36.1,38.3,38.6,36.7,38.8
Nepal,1.37,1.35,1.33,1.38,1.39,1.38,1.41,1.38,1.39,1.34,1.4,1.39,1.34,1.43,1.43,1.41,1.48,1.48,1.58,1.63,1.59,1.36,1.26,1.25,1.25,1.21,1.23,1.13,1.12,1.03,1.31,1.26,1.55,1.9,1.88,1.78,1.92,2.03,2.18,2.24,2.48,2.5,3.03,3.17,3.38,3.48,4.13,4.58,5.3,5.58
New Zealand,28.2,27.3,27.9,28.4,28.1,26.6,26.5,26.7,26.2,26.7,26,25.4,25.8,30.9,35.5,34.3,26.7,26.2,25.8,26.1,25.3,24.8,25.4,26,26.3,28.4,28.6,29.1,26.1,28.4,28.5,28.4,30.6,31.7,34.3,34,32.8,33.9,31.8,28.1,30.3,29.9,29.9,32,34.7,32.6,32.7,32.7,30.6,30.7
Oman,14.7,15.3,15.3,15.3,15.6,15.3,15.3,17.6,18.5,17.7,20,21.8,21.6,25.1,19.6,19.1,15.6,15.1,15.2,14.9,14.9,15.3,19,18.4,16.1,16,14.4,16.6,15.1,13.1,15.9,16,21.2,19.4,22.3,16.4,17.9,20.2,22.2,18.5,19.6,20.2,24.8,24.7,20.1,22.6,16.2,20,20.8,8.91
Pakistan,2.7,2.61,2.52,2.52,2.61,2.49,2.56,2.64,2.59,2.64,2.55,2.64,2.75,2.73,2.67,2.64,2.62,2.82,2.66,2.7,2.66,2.7,2.68,2.69,2.65,2.74,2.84,2.81,2.78,2.65,2.49,2.36,2.37,2.52,2.64,2.82,3.06,3.19,3.36,2.95,2.79,2.88,2.89,2.9,3.06,3.09,3.37,3.67,3.54,3.45
Panama,14.4,15.5,8.84,9.29,10.2,8.78,8.14,8,8.32,8.54,8.72,8.33,7.87,7.6,7.64,7.57,7.46,7.52,7.28,7.09,7.24,8.42,8.91,9.03,9.5,10,10.6,11.2,11.1,9.89,11.3,9.14,10.8,11.2,11.4,11.1,10.8,12.7,15.1,14.1,14.6,14.1,16.1,15.8,15.2,13.8,10.7,11.1,14.5,13.5
Peru,7.45,7.22,6.76,6.62,6.71,6.22,7.26,7.6,7.13,5.64,5.51,5.82,5.83,5.25,5.31,5.23,5.52,5.43,5.32,5.16,4.73,4.81,4.65,4.76,5.54,6.4,6.08,6.16,5.77,5.44,5.68,5.88,5.75,5.45,5.54,6.79,6.93,7.5,7.95,6.94,7.98,8.43,8.74,9.15,9.45,9.58,9.32,9.32,9.24,9.43
Philippines,4.27,4.39,4.33,4.45,4.42,4.59,4.76,4.49,4.42,4.28,4.23,4.23,4.18,3.78,3.77,3.48,3.55,3.39,3.31,3.44,3.71,3.44,3.5,3.68,3.79,3.88,3.96,3.98,3.85,3.75,3.77,4.11,3.99,4.52,4.78,4.61,4.38,4.72,5.18,4.84,4.8,5.41,5.55,5.55,7.66,7.77,8.16,8.45,8.39,8.77
Papua New Guinea,3.08,3.18,3.22,3.27,3.33,3.31,3.39,3.38,3.4,3.45,3.47,3.38,3.38,3.31,3.32,3.24,3.22,3.27,3.34,3.33,4.62,4.79,4.8,4.58,4.97,4.7,5.35,5.24,3.56,2.94,2.65,2.83,2.8,3.79,2.99,2.58,3.03,3.28,3.38,4.24,4.68,5.36,5.62,5.19,4.6,3.71,3.83,3.79,5.82,5.23
Poland,13.5,13.7,14.5,15.4,15.9,16.4,16.9,16.9,17.4,16.6,16.5,15.1,14.9,15.3,15.6,15.2,15.8,15.7,15.8,15.5,13.5,15.2,13.3,13.5,13.1,13.4,14.5,15.3,15.6,16.2,16.7,15.3,14.7,14.7,15.3,14.4,15.4,17.5,18.9,17.5,17.5,19.9,18,16.6,17.1,17.6,18,17.9,17.8,17.9
North Korea,1.39,1.42,1.45,1.47,1.51,1.53,1.44,1.46,1.46,1.5,1.53,1.54,1.54,1.55,1.58,1.63,1.65,1.55,1.62,1.59,1.52,1.2,1.66,2.66,2.16,2.27,2.04,1.6,1.29,1.52,1.56,1.32,1.25,1.41,1.16,1.36,1.41,1.33,1.26,1.39,1.06,0.96,0.96,0.87,0.9,1.03,1.14,0.93,0.74,0.75
Portugal,9.32,9.28,9.44,9.74,9.57,9.29,9.58,9.92,10.5,11.1,11.1,11.1,11.6,10.8,10.6,11,11.4,11.8,12.2,13.1,13.6,14.2,14.8,15,17.1,16.4,18,18.6,20.5,24,25.9,26.3,25.4,22.9,22.5,23.8,22.2,22.2,18.9,18.1,18.5,17.1,13.9,12.6,12.8,13.3,13.6,14,12.3,12.3
Paraguay,12,11.8,11.7,12,12.3,12.5,13.4,14.1,14.2,14.3,14.8,15.3,15.1,14.4,14.5,14.7,14.5,14.7,15.1,15.2,14.9,14.8,18.6,21.9,22.1,21.9,25.9,27.6,26.7,23.9,23.1,22.7,22.2,24.6,23.4,17.7,19.5,19.6,19.3,19.8,14.9,17.4,15.8,17.1,17.7,18.5,18,19.1,18.1,18.9
Palestine,4.51,4.57,4.48,4.52,4.55,4.49,4.66,4.64,4.68,4.77,4.72,4.56,4.47,4.44,4.59,4.56,4.42,4.43,4.5,4.38,4.25,3.36,4.15,4.33,4.2,4.11,3.95,3.67,4.15,3.98,4.72,3.9,3.67,3.64,3.91,3.74,3.56,4.87,4.55,3.55,5.03,3.75,6.58,6.51,6.73,6.82,6.97,7.46,5.95,5.88
Qatar,62.8,59.7,55.1,53.4,51.7,49.2,49.2,48,48.8,48.3,45.3,41.9,37.1,34.1,34.2,32.3,29.4,29,28.7,28.3,27.5,26.9,31.6,27,24,28.3,25.9,26.7,28.5,25.6,28.6,38.1,36.4,37.4,36.6,39.6,63.5,68.8,63.1,48.3,43.5,46.2,45.3,41.1,46.8,47.7,51.1,44.9,33.6,33.7
Romania,12,12.9,13.6,13.6,14.1,14.3,15.5,15.6,15.8,16.1,15.9,15.5,16.1,15.7,15.8,15.2,15.5,15.2,15.4,14.6,12.2,11,10.5,10.6,10.2,10.8,10.5,10.3,9.84,8.67,8.18,9.66,8.62,9.28,11.2,11.1,12.3,13.6,16.4,12.8,13.3,15.6,14.4,13.7,13.7,15.5,15.4,15.2,15.4,16
Russia,,,,,,,,,,,,,,,,,,,,,,14,12.1,10.4,7.59,7.2,6.55,7.05,5.14,4.6,5.32,6,5.88,5.93,6.86,7.16,7.63,8.23,9.28,8.08,8.03,10.1,9.81,10.4,9.99,8.67,9.07,9.57,9.17,9.49
Rwanda,2.82,2.8,2.75,2.75,2.76,2.82,2.83,2.8,2.78,2.68,2.61,2.59,2.57,2.52,2.47,2.52,2.34,2.27,2.19,2.24,2.22,1.9,2.17,2.4,3,2.29,2.16,2.41,2.28,2.26,2.12,2.06,1.99,2.02,2.15,1.88,1.82,1.74,2.08,2.32,2.4,2.23,2.27,2.26,2.11,2.14,2.2,2.23,1.98,2
Saudi Arabia,17.9,19,17.9,17.9,17.9,17.8,18.9,21.5,22.8,22.4,29.1,29.9,30.3,31,28.1,23.7,21.8,20.7,20.1,20.1,20.6,21.9,23.2,24.4,22.5,18.7,18.8,18,18.4,17.6,18.9,20.9,20.9,21.8,22,20.3,24.3,27.1,26.3,27.6,28.6,24.8,28.5,29.9,33.9,38.7,32.7,31.8,28.8,30
Sudan,3.54,3.7,3.62,3.71,3.6,3.62,3.71,3.74,3.7,3.68,3.53,3.65,3.65,3.24,3.45,3.57,3.51,3.36,3.25,3.36,3.37,4.22,4.79,3.07,2.36,2.1,1.83,2.16,1.42,1.53,1.42,2.45,2.65,3.3,2.68,2.11,3.28,2.06,1.88,2.12,3.01,2.24,10.7,11.9,12.1,9.4,11.8,9.14,11.4,11.3
Senegal,4.76,4.86,4.6,4.58,4.68,4.63,4.73,4.49,4.74,4.51,4.36,4.54,4.4,4.18,4.11,4.29,4.19,4.23,4.36,4.26,4.12,3.96,4.13,4.07,3.65,3.7,3.66,3.19,3.25,3.15,3.35,3.68,3.94,4.1,4.08,4.41,4.13,4.68,5.06,4.35,4.25,3.95,4.05,4.56,4.22,4.33,4.36,4.44,4.05,4.09
Singapore,25.4,26.1,28.4,31.1,30.9,30.4,31.8,32.2,33.1,33.2,32.6,32.1,32.7,33.4,33.6,33.8,34.3,34,34.8,34.7,35,39.7,46.3,54.4,57.3,65.1,64,73.8,61.1,55.1,63.9,63.3,57.5,44,41.5,58.6,53.3,61.9,65.7,54.4,51,53.4,55.2,64.8,53.3,54.5,56.5,55.5,47.3,50.4
Sierra Leone,2.11,2.15,2.26,2.25,2.29,2.29,2.27,2.25,2.23,2.26,2.19,2.07,2.06,2.06,2.28,2.24,2.16,2.22,2.25,2.24,2.24,1.73,1.82,2.08,2.13,2.22,2.63,2.2,1.92,1.73,2.03,1.99,2.39,2.48,2.32,1.67,1.74,1.77,1.8,1.83,1.79,2.27,2.36,2.49,2.63,2.21,2.72,2.94,2,2.12
El Salvador,4.36,4.29,4.33,4.32,4.43,4.46,4.47,4.68,4.81,4.79,4.64,4.46,4.29,4.32,4.43,4.5,4.51,4.8,4.83,4.86,4.93,5.51,5.87,6.13,6.08,6.18,6.93,6.69,7.41,7.71,7.55,7.84,8.18,8.04,7.52,7.77,8.17,9.12,8.01,7.28,7.58,7.77,8.11,8.07,8.05,8.5,8.08,7.89,5.93,5.87
Somalia,10.2,10.2,10.4,10.1,9.91,9.91,9,8.41,7.9,7.21,6.84,6.87,6.96,6.76,6.93,7.15,7.11,7.23,7.4,7.3,6.74,5.74,5.39,5.95,6.51,6.44,6.35,6.28,6.2,6.25,6.1,6,5.84,5.83,5.73,5.51,5.13,4.78,4.54,4.53,4.42,4.31,4.36,4.19,4.06,3.93,3.74,3.68,3.68,3.5
Serbia,,,,,,,,,,,,,,,,,,,,,,,4.61,3.59,3.18,3.17,3.23,3.11,3.96,3.33,4.19,5.1,5.47,6.24,8.41,7.73,14.9,13.1,15.9,13.3,15.5,17,16.1,15.8,15.7,15.1,15.6,16.5,15.2,15.7
South Sudan,0.01,0.01,0.01,0.01,0.01,0.01,0.01,0.01,0.01,0.01,0.01,0.01,0.01,0.01,0.01,0.01,0.01,0.01,0.01,0.01,0.01,0.01,0.01,0.01,0.01,0.01,0.02,0.01,0.01,0.01,0.01,0.01,0.01,0.01,0.01,0.01,0.01,0.01,0.27,0.27,0.26,0.95,5.34,5.36,5.57,6.76,5.22,5.17,4.73,4.78
Slovak Republic,0.41,0.42,0.43,0.43,0.45,0.45,0.5,0.5,0.49,0.49,0.5,0.51,0.51,0.51,0.54,0.55,0.55,0.56,0.58,0.53,0.53,12.9,15,22.2,19.9,21.1,22.2,22.2,20,18.3,12.2,12.2,12.3,12,14.1,15.5,16.1,18.4,19.9,18.6,19.5,19.8,20.1,20,21,21.5,22.6,21.9,19,19.1
Slovenia,0.79,0.81,0.82,0.84,0.87,0.87,0.96,0.96,0.95,0.95,0.97,0.98,0.96,0.97,1.02,1.04,1.02,1.04,1.07,0.98,0.99,11.3,18.3,22.8,18.1,19.9,20.4,20.7,28.2,28.8,31,31,30.3,33.9,33.8,29.8,31.9,31.5,33.9,30.1,28.5,29.1,27.3,26.4,25.9,25.3,27,26.4,24.6,25.4
Sweden,14.8,15.1,15,15.6,15.9,15.1,15.2,15.1,15.1,15.5,15.4,15,14.9,14.9,15.9,15.8,16,16.1,16.7,16.8,17,16.9,17.1,15.8,16.6,17.1,19.3,19.6,22.9,23,24.3,24.1,24.9,24.9,24,31.4,31.7,32.7,30.9,23.7,27.9,29.1,29.1,28,29.3,29.1,29.5,29.4,27.4,26.7
Syria,3.49,3.49,3.64,3.24,3.6,3.58,3.74,3.57,3.66,3.64,3.91,3.79,3.72,3.69,3.57,3.42,3.42,3.23,3.47,3.06,3.15,4.07,4.13,4.92,5.01,4.96,4.38,3.38,3.99,3.46,3.39,4.8,3.58,3.56,4.43,3.05,2.6,2.89,3.05,3.37,2.96,4.52,3.12,2.4,2.23,2.16,2.07,2.21,1.88,1.91
Chad,5.44,5.43,5.53,5.14,4.6,4.66,4.68,4.9,4.93,4.99,4.99,4.88,4.87,4.86,4.35,4.42,4.34,4.35,4.4,4.34,4.26,5.41,5.73,5.71,5.51,5.74,5.71,5.8,5.93,6,6.27,6.39,7.25,7.41,6.72,6.07,6.17,6.3,6.5,6.85,7,6.82,7.12,7.14,7.51,8.02,8.32,8.41,8.16,8.26
Togo,5.08,4.93,4.71,5.11,5.13,5.07,5.18,5.01,5.79,5.34,4.8,4.44,4.31,4.18,4.29,4.48,4.86,4.82,5.31,5.09,5.31,4.36,4.36,4.37,3.89,4.26,5.03,4.75,4.12,3.91,5.85,4.2,4.52,4.08,4.39,3.73,3.94,3.83,4.17,3.56,4.05,5.22,5.83,4.41,4.6,4.87,4.42,4.16,4.06,4.14
Thailand,4.1,4.12,4.02,4.26,4.25,4.29,4.61,4.73,4.83,4.8,4.62,4.72,4.84,4.89,5.13,5.12,4.92,5.12,5.54,6.15,6.64,7.41,7.69,7.79,8.43,9.2,9.73,8.8,6.29,6.3,6.78,6.72,7.46,8.04,8.86,8.81,8.73,9.23,9.57,9.06,10.1,11.2,11.3,11.9,10.8,10.5,10.4,10.7,11.3,11.8
Tajikistan,0.01,0.01,0.01,0.01,0.01,0.01,0.01,0.01,0.01,0.01,0.01,0.01,0.01,0.01,0.01,0.01,0.01,0.01,0.01,0.01,0.01,2.79,4.12,4.08,2.91,2.79,1.9,1.57,1.86,1.47,1.47,1.77,2.04,2.33,2.5,2.29,2.36,2.5,2.98,2.9,2.94,3.68,3.63,3.82,4.68,4.73,4.93,5.48,5.47,5.75
Turkmenistan,0.01,0.01,0.01,0.01,0.01,0.01,0.01,0.01,0.01,0.01,0.01,0.01,0.01,0.01,0.01,0.01,0.01,0.01,0.01,0.01,0.01,4.42,6.07,6.33,8.2,7.08,4.88,4.71,4.97,5.19,4.78,7.05,7.45,8.9,9.2,8.46,6.31,6.64,7.45,6.62,5.69,5.86,7.08,7.7,8.3,8.56,7.81,7.5,12.8,13.1
Tunisia,6.33,6.74,6.58,6.7,6.97,7.28,7.44,7.62,7.51,7.79,8.05,7.4,7.31,7.95,7.68,7.88,7.53,8.16,7.07,6.53,6.92,7.28,7.45,7.55,7.61,7.24,7.55,7.19,7.98,8.48,9.66,10,9.61,9.4,10.1,8.95,8.63,9.04,10,10.2,10.5,10,9.15,9.36,9.69,10,10.2,9.93,8.98,9.17
Turkey,6.6,6.65,6.74,6.71,7.1,7.18,7.7,7.74,8.05,7.77,7.38,7.39,7.36,7.07,7.51,7.72,8.41,9.14,8.86,8.44,8.7,9.95,9.69,11,9.1,10.1,10.5,10.8,11.5,10.1,10.4,8.21,8.44,9,9.71,11.9,13.3,15.5,14.8,13.1,15.8,18.2,17.1,18,17.8,18.2,16.4,16.5,17.4,17.5
Tanzania,2.43,2.43,2.36,2.38,2.37,2.42,2.43,2.45,2.39,2.47,2.37,2.35,2.33,2.33,2.24,2.24,2.18,2.13,2.08,2.15,2.1,2.13,1.93,1.68,1.53,1.54,1.69,1.59,1.7,1.82,1.64,1.52,1.75,1.62,1.67,1.61,1.66,1.84,1.63,1.57,1.67,1.94,1.71,1.8,1.93,1.74,1.62,1.63,1.61,1.58
Uganda,3.54,3.42,3.36,3.41,3.45,3.48,3.35,3.25,3.18,2.69,2.6,2.66,2.66,2.67,2.54,2.52,2.48,2.4,2.42,2.41,2.38,2.13,2.16,2.21,2.22,2.43,2.52,2.27,2.82,2.55,2.07,2.11,2.23,2.19,2.11,2.14,2.21,2.18,2.2,2.03,2.1,2.07,2.24,2.09,2.27,2.25,2.02,1.91,1.8,1.92
Ukraine,0,0,0,0,0,0,0,0,0,0,0,0,0,0,0,0,0,0,0,0,0,4.98,8.9,9.42,8.45,7.76,6.73,6.73,5.74,4.81,4.33,5.11,4.88,4.89,5.06,5.43,6.13,7.48,8.81,6.12,8.03,9.57,9.36,10.1,9.36,9.47,10.5,10.8,11.3,11.9
Uruguay,11.6,11.7,11.9,12.9,13.7,14.1,13.5,13.5,13.4,13.7,14.9,15,14.6,13,12.6,12.9,13,13.5,13.9,13.5,12.9,14.9,16.5,17,16.9,16.8,21.4,27.8,28,31.4,31.6,29.1,25.9,21.9,26.9,34,34.9,35.6,38,36.4,36.9,38.5,38.7,39.8,22.8,22.9,22,22.1,19.1,17.5
USA,26.9,27.4,28,29.3,28.7,26.6,26.7,27.3,28.4,29,27.1,26.2,25,24.7,26.3,27.2,27.1,28.1,28.2,27.8,28.3,27.3,28.1,28.7,30.8,30.1,31,32.1,34.2,34.1,34.2,33.9,33.5,33.3,35.5,38.1,37.2,35.2,32.7,29.1,28.6,28.3,28.5,28.1,28.2,28.3,28.1,28.1,29.1,29.6
Uzbekistan,0.01,0.01,0.01,0.01,0.01,0.01,0.01,0.01,0.01,0.01,0.01,0.01,0.01,0.01,0.01,0.01,0.01,0.01,0.01,0.01,0.01,3.96,7.55,6.52,6.57,5.73,5.99,6.03,5.41,5.48,4.87,4.98,4.98,4.89,5.51,5.04,5.42,5.33,5.48,5.76,5.32,5.65,5.91,6.29,6.55,6.21,6.75,6.18,6.24,6.12
Venezuela,8.97,8.72,8.47,8.68,8.47,8.12,9.11,8.87,9.74,9.22,8.79,9.4,7.88,7.28,7.03,7.17,7.6,7.86,7.88,7.11,6.88,8.09,10.9,9.98,9.47,10.7,9.18,9.96,10.2,10.6,9.33,10.3,8.49,6.56,8,8.99,7.81,11.1,10.4,14.4,14.8,14,17.2,18.9,18.4,26.2,15.6,16,9.69,9.6
Vietnam,1.6,1.62,1.53,1.56,1.56,1.51,1.65,1.65,1.64,1.66,1.67,1.65,1.73,1.76,1.81,1.8,1.83,2.51,2.08,2.07,2.05,2.1,2.37,2.42,2.58,2.84,2.99,3.14,3.41,3.52,3.83,4.2,5.93,6.77,6.96,7.69,7.8,8.17,8.04,8.89,8.66,8.72,8.51,7.8,9.85,10,8.09,8.16,8.12,8.52
Yemen,,,,,,,,,,,,,,,,,,,,,3.12,2.89,3.04,3.05,3.13,3.35,3.08,3.14,3.21,2.97,2.96,3.29,3.53,3.7,3.87,4.14,4.32,4.52,4.58,4.55,3.81,3.47,3.66,3.6,3.55,3.39,3.48,3.06,2.84,2.89
South Africa,16.4,16.3,15.6,14.5,14.4,13.6,13.6,13.5,13.5,13.5,13.4,14,13.3,12.5,13,12.7,12.3,11.8,11.9,11.7,11.2,11.7,9.7,9.95,13.3,12.6,12.1,9.69,9.68,11.2,10.6,8.24,11.5,12.6,12.7,9.11,8.49,8.3,8.15,8.79,9.83,9.93,9.55,10.1,8.41,8.06,7.55,7.76,7.6,7.55
Zambia,3.63,3.76,3.87,3.75,3.71,3.8,3.87,3.78,3.65,3.57,3.51,3.46,3.41,3.24,3.29,3.36,3.3,3.24,3.39,3.32,3.18,2.77,2.94,3.82,3.31,3.98,4.43,3.96,2.82,2.77,2.54,2.8,2.49,3.33,3.58,2.93,3.49,3.1,2.81,3.04,2.92,3.67,4.74,4.68,3.92,3.36,3.12,3.21,2.8,2.38
Zimbabwe,5.97,6.17,6.15,6.08,6.72,5.87,5.89,5.62,5.28,5.04,5.03,4.99,4.89,4.52,4.59,4.74,4.65,4.61,4.48,4.39,4.37,4.09,3.54,3.64,3.68,3.45,3.67,4,2.24,2.17,2.16,2.67,3,2.92,2.77,2.46,2.64,2.39,2.17,3.02,4.07,2.81,3.13,2.86,3.03,2.66,2.29,2.26,2.05,1.21
